"country","year","inadequate_housing"
"Albania","2017",9.2
"Albania","2018",6
"Albania","2019",5.5
"Albania","2020",3.8
"Albania","2021",3.3
"Austria","2004",7.9
"Austria","2005",4.6
"Austria","2006",5
"Austria","2007",5.4
"Austria","2008",6.1
"Austria","2009",5.6
"Austria","2010",6.5
"Austria","2011",5.5
"Austria","2012",7
"Austria","2013",7.2
"Austria","2014",6.6
"Austria","2015",6.4
"Austria","2016",7.2
"Austria","2017",7.1
"Austria","2018",6.8
"Austria","2019",7
"Austria","2020",6.3
"Austria","2021",6.1
"Austria","2022",24
"Austria","2023",20
"Austria","2024",6.3
"Belarus","2022",0
"Belgium","2004",12.6
"Belgium","2005",8.6
"Belgium","2006",9.8
"Belgium","2007",10.1
"Belgium","2008",12.5
"Belgium","2009",8.7
"Belgium","2010",8.9
"Belgium","2011",10.6
"Belgium","2012",11.1
"Belgium","2013",9.6
"Belgium","2014",10.4
"Belgium","2015",9.5
"Belgium","2016",9.8
"Belgium","2017",9.5
"Belgium","2018",9
"Belgium","2019",8.4
"Belgium","2020",7.8
"Belgium","2021",7.6
"Belgium","2022",7.7
"Belgium","2023",24
"Belgium","2024",6.8
"Brunei Darussalam","2016",17.1
"Bulgaria","2006",15.4
"Bulgaria","2007",21.2
"Bulgaria","2008",13.1
"Bulgaria","2009",7
"Bulgaria","2010",5.9
"Bulgaria","2011",8.7
"Bulgaria","2012",14.5
"Bulgaria","2013",14.4
"Bulgaria","2014",12.9
"Bulgaria","2015",14.8
"Bulgaria","2016",20.7
"Bulgaria","2017",18.9
"Bulgaria","2018",17.9
"Bulgaria","2019",16
"Bulgaria","2020",14.4
"Bulgaria","2021",11.6
"Bulgaria","2022",15.1
"Bulgaria","2023",11.1
"Bulgaria","2024",8
"Canada","2018",25
"Canada","2021",20.8
"Chile","2022",13.7
"Croatia","2010",14.1
"Croatia","2011",8
"Croatia","2012",6.8
"Croatia","2013",8.4
"Croatia","2014",7.5
"Croatia","2015",7.2
"Croatia","2016",6.4
"Croatia","2017",5.8
"Croatia","2018",5.1
"Croatia","2019",4.7
"Croatia","2020",4.2
"Croatia","2021",4.5
"Croatia","2022",3.8
"Croatia","2023",4
"Croatia","2024",3.7
"Cyprus","2005",6.6
"Cyprus","2006",3
"Cyprus","2007",1.7
"Cyprus","2008",1.8
"Cyprus","2009",2.4
"Cyprus","2010",3.1
"Cyprus","2011",3.1
"Cyprus","2012",3.3
"Cyprus","2013",3.3
"Cyprus","2014",4
"Cyprus","2015",3.9
"Cyprus","2016",3.1
"Cyprus","2017",2.8
"Cyprus","2018",2
"Cyprus","2019",2.3
"Cyprus","2020",1.9
"Cyprus","2021",2.5
"Cyprus","2022",2.5
"Cyprus","2023",2.6
"Cyprus","2024",2.4
"Czechia","2005",10
"Czechia","2006",10.8
"Czechia","2007",10.3
"Czechia","2008",12.9
"Czechia","2009",8.9
"Czechia","2010",9.7
"Czechia","2011",9.5
"Czechia","2012",10
"Czechia","2013",11.7
"Czechia","2014",10.5
"Czechia","2015",10.4
"Czechia","2016",9.5
"Czechia","2017",8.7
"Czechia","2018",7.8
"Czechia","2019",6.9
"Czechia","2020",6.5
"Czechia","2021",6.2
"Czechia","2022",6.9
"Czechia","2023",9.1
"Czechia","2024",9.2
"Denmark","2005",13.6
"Denmark","2006",16.1
"Denmark","2007",13.4
"Denmark","2008",17.1
"Denmark","2009",24.3
"Denmark","2010",21.9
"Denmark","2011",18.4
"Denmark","2012",16.7
"Denmark","2013",17.9
"Denmark","2014",15.6
"Denmark","2015",15.1
"Denmark","2016",15.1
"Denmark","2017",15.7
"Denmark","2018",14.7
"Denmark","2019",15.6
"Denmark","2020",14.1
"Denmark","2021",15.5
"Denmark","2022",14.7
"Denmark","2023",15.4
"Denmark","2024",14.6
"Estonia","2005",7.9
"Estonia","2006",6.8
"Estonia","2007",5.2
"Estonia","2008",3.6
"Estonia","2009",4.4
"Estonia","2010",6
"Estonia","2011",7.4
"Estonia","2012",7.9
"Estonia","2013",7.1
"Estonia","2014",8.3
"Estonia","2015",6.8
"Estonia","2016",4.9
"Estonia","2017",4.8
"Estonia","2018",4
"Estonia","2019",4.4
"Estonia","2020",4.4
"Estonia","2021",4.5
"Estonia","2022",5
"Estonia","2023",7.6
"Estonia","2024",8.6
"Finland","2004",3.8
"Finland","2005",3.5
"Finland","2006",3.7
"Finland","2007",4.7
"Finland","2008",4.7
"Finland","2009",4.4
"Finland","2010",4.2
"Finland","2011",4.4
"Finland","2012",4.5
"Finland","2013",4.9
"Finland","2014",5.1
"Finland","2015",4.9
"Finland","2016",4.4
"Finland","2017",4.3
"Finland","2018",4.3
"Finland","2019",4
"Finland","2020",4.1
"Finland","2021",4.3
"Finland","2022",5.4
"Finland","2023",5.5
"Finland","2024",5.4
"France","2004",5.4
"France","2005",5.3
"France","2006",6
"France","2007",5.7
"France","2008",4.2
"France","2009",4
"France","2010",5.1
"France","2011",5.2
"France","2012",5.2
"France","2013",5.3
"France","2014",5.1
"France","2015",5.7
"France","2016",5.2
"France","2017",5
"France","2018",4.7
"France","2019",5.4
"France","2020",5.6
"France","2022",6.5
"France","2023",6.5
"France","2024",7
"Germany","2010",14.4
"Germany","2011",16.1
"Germany","2012",16.6
"Germany","2013",16.4
"Germany","2014",16
"Germany","2015",15.6
"Germany","2016",15.9
"Germany","2017",14.5
"Germany","2018",14.2
"Germany","2019",13.9
"Germany","2020",9
"Germany","2021",11
"Germany","2022",11.9
"Germany","2023",13
"Germany","2024",12
"Greece","2004",24.7
"Greece","2005",22.7
"Greece","2006",24.6
"Greece","2007",15.8
"Greece","2008",22.2
"Greece","2009",21.7
"Greece","2010",18.1
"Greece","2011",24
"Greece","2012",32.7
"Greece","2013",36.8
"Greece","2014",44.9
"Greece","2015",45.4
"Greece","2016",40.4
"Greece","2017",39.5
"Greece","2018",39.4
"Greece","2019",36
"Greece","2020",33.3
"Greece","2021",28.7
"Greece","2022",26.7
"Greece","2023",28.5
"Greece","2024",28.9
"Hungary","2005",18.1
"Hungary","2006",12.3
"Hungary","2007",10.9
"Hungary","2008",11.6
"Hungary","2009",8.9
"Hungary","2010",11.3
"Hungary","2011",13
"Hungary","2012",14.7
"Hungary","2013",14.3
"Hungary","2014",12.8
"Hungary","2015",8.5
"Hungary","2016",8.8
"Hungary","2017",10.5
"Hungary","2018",9.3
"Hungary","2019",4.1
"Hungary","2020",4.8
"Hungary","2021",2.4
"Hungary","2022",8.1
"Hungary","2023",8.7
"Hungary","2024",8.5
"Iceland","2004",10.3
"Iceland","2005",12.5
"Iceland","2006",14.3
"Iceland","2007",10.5
"Iceland","2008",11.3
"Iceland","2009",9.5
"Iceland","2010",9.7
"Iceland","2011",11.3
"Iceland","2012",9
"Iceland","2013",8.8
"Iceland","2014",8.1
"Iceland","2015",8.2
"Iceland","2016",6.3
"Iceland","2017",8.4
"Iceland","2018",8.9
"Iceland","2019",12.7
"Ireland","2004",2.2
"Ireland","2005",2.7
"Ireland","2006",2.5
"Ireland","2007",3.1
"Ireland","2008",3.3
"Ireland","2009",4
"Ireland","2010",4.9
"Ireland","2011",6.1
"Ireland","2012",6.5
"Ireland","2013",4.6
"Ireland","2014",6.4
"Ireland","2015",4.7
"Ireland","2016",4.6
"Ireland","2017",4.5
"Ireland","2018",3.4
"Ireland","2019",5.2
"Ireland","2020",4.2
"Ireland","2021",2.6
"Ireland","2022",3.7
"Ireland","2023",4.7
"Ireland","2024",4.7
"Israel","2022",34.6
"Italy","2004",12.2
"Italy","2005",12.6
"Italy","2006",12.2
"Italy","2007",7.5
"Italy","2008",8.3
"Italy","2009",7.8
"Italy","2010",7.7
"Italy","2011",8.7
"Italy","2012",8.1
"Italy","2013",8.9
"Italy","2014",8.5
"Italy","2015",8.6
"Italy","2016",9.6
"Italy","2017",8.2
"Italy","2018",8.2
"Italy","2019",8.7
"Italy","2020",7.2
"Italy","2021",7.2
"Italy","2022",6.6
"Italy","2023",5.7
"Italy","2024",5.1
"Latvia","2005",12.8
"Latvia","2006",10.6
"Latvia","2007",9.8
"Latvia","2008",8.7
"Latvia","2009",9.3
"Latvia","2010",9.8
"Latvia","2011",12.5
"Latvia","2012",11.2
"Latvia","2013",11.3
"Latvia","2014",9.5
"Latvia","2015",8.1
"Latvia","2016",6.9
"Latvia","2017",6.9
"Latvia","2018",6.7
"Latvia","2019",5.4
"Latvia","2020",4.9
"Latvia","2021",5
"Latvia","2022",5.4
"Latvia","2023",7.2
"Latvia","2024",6.7
"Lithuania","2005",9
"Lithuania","2006",6.9
"Lithuania","2007",4.8
"Lithuania","2008",5
"Lithuania","2009",5.6
"Lithuania","2010",10.6
"Lithuania","2011",11.1
"Lithuania","2012",8.8
"Lithuania","2013",8.2
"Lithuania","2014",7.1
"Lithuania","2015",9.1
"Lithuania","2016",7.8
"Lithuania","2017",7.2
"Lithuania","2018",5.6
"Lithuania","2019",4.6
"Lithuania","2020",2.7
"Lithuania","2021",2.7
"Lithuania","2022",3.5
"Lithuania","2023",5.2
"Lithuania","2024",6.2
"Luxembourg","2004",4.5
"Luxembourg","2005",3.8
"Luxembourg","2006",4.8
"Luxembourg","2007",3.9
"Luxembourg","2008",3.7
"Luxembourg","2009",3.7
"Luxembourg","2010",4.7
"Luxembourg","2011",4.2
"Luxembourg","2012",4.9
"Luxembourg","2013",5.6
"Luxembourg","2014",6.8
"Luxembourg","2015",6
"Luxembourg","2016",7
"Luxembourg","2017",7.1
"Luxembourg","2018",9.2
"Luxembourg","2019",10.1
"Luxembourg","2020",8.5
"Luxembourg","2021",5.1
"Luxembourg","2022",15.2
"Luxembourg","2023",11.5
"Luxembourg","2024",8
"Malta","2005",1.7
"Malta","2006",1.8
"Malta","2007",2.5
"Malta","2008",3.3
"Malta","2009",2.8
"Malta","2010",3.7
"Malta","2011",3
"Malta","2012",2.6
"Malta","2013",2.5
"Malta","2014",1.6
"Malta","2015",1.1
"Malta","2016",1.4
"Malta","2017",1.4
"Malta","2018",1.7
"Malta","2019",2.6
"Malta","2020",2.8
"Malta","2021",2.7
"Malta","2022",6.8
"Malta","2023",6
"Malta","2024",5.8
"Mauritius","2017",2.8
"Montenegro","2013",19.7
"Montenegro","2014",16.9
"Montenegro","2015",16.8
"Montenegro","2016",16.4
"Montenegro","2017",15.2
"Montenegro","2018",14.7
"Montenegro","2019",11.5
"Montenegro","2020",9.4
"Montenegro","2021",8
"Montenegro","2022",5.8
"Myanmar","2019",9.5
"Myanmar","2020",9.5
"Myanmar","2021",9.5
"Myanmar","2022",9.5
"Myanmar","2023",9.5
"Netherlands (Kingdom of the)","2005",20.2
"Netherlands (Kingdom of the)","2006",19.7
"Netherlands (Kingdom of the)","2007",18.3
"Netherlands (Kingdom of the)","2008",13.7
"Netherlands (Kingdom of the)","2009",13.1
"Netherlands (Kingdom of the)","2010",14
"Netherlands (Kingdom of the)","2011",14.5
"Netherlands (Kingdom of the)","2012",14.4
"Netherlands (Kingdom of the)","2013",15.7
"Netherlands (Kingdom of the)","2014",15.4
"Netherlands (Kingdom of the)","2015",14.9
"Netherlands (Kingdom of the)","2016",10.8
"Netherlands (Kingdom of the)","2017",9.5
"Netherlands (Kingdom of the)","2018",9.5
"Netherlands (Kingdom of the)","2019",10
"Netherlands (Kingdom of the)","2020",8.3
"Netherlands (Kingdom of the)","2021",8.3
"Netherlands (Kingdom of the)","2022",9.9
"Netherlands (Kingdom of the)","2023",9.3
"Netherlands (Kingdom of the)","2024",6.9
"Nigeria","2021",89
"North Macedonia","2012",20.1
"North Macedonia","2013",17.6
"North Macedonia","2014",15.6
"North Macedonia","2015",12.3
"North Macedonia","2016",12.5
"North Macedonia","2017",11.7
"North Macedonia","2018",10.2
"North Macedonia","2019",9.9
"North Macedonia","2020",8.5
"Norway","2004",8.3
"Norway","2005",4.3
"Norway","2006",10.8
"Norway","2007",13
"Norway","2008",12.5
"Norway","2009",10.9
"Norway","2010",9.1
"Norway","2011",10.4
"Norway","2012",9.7
"Norway","2013",9.6
"Norway","2014",8.2
"Norway","2015",9.4
"Norway","2016",9.7
"Norway","2017",9.3
"Norway","2018",10.6
"Norway","2019",10.5
"Norway","2020",9.4
"Norway","2021",10.9
"Norway","2022",12.4
"Norway","2023",13.9
"Norway","2024",15.4
"Poland","2005",16.5
"Poland","2006",12
"Poland","2007",10.5
"Poland","2008",9.7
"Poland","2009",8.3
"Poland","2010",9.2
"Poland","2011",10.2
"Poland","2012",10.5
"Poland","2013",10.3
"Poland","2014",9.6
"Poland","2015",8.7
"Poland","2016",7.7
"Poland","2017",6.7
"Poland","2018",7.3
"Poland","2019",6.1
"Poland","2020",5
"Poland","2021",5.9
"Poland","2022",5.7
"Poland","2024",5.2
"Portugal","2004",4.7
"Portugal","2005",4.3
"Portugal","2006",4.5
"Portugal","2007",7.4
"Portugal","2008",7.6
"Portugal","2009",6.1
"Portugal","2010",4.2
"Portugal","2011",7.2
"Portugal","2012",8.3
"Portugal","2013",8.3
"Portugal","2014",9.2
"Portugal","2015",9.1
"Portugal","2016",7.5
"Portugal","2017",6.7
"Portugal","2018",5.7
"Portugal","2019",5.7
"Portugal","2020",4.1
"Portugal","2021",5.9
"Portugal","2022",5
"Portugal","2023",4.9
"Portugal","2024",6.9
"Republic of Moldova","2020",11.7
"Romania","2007",19.7
"Romania","2008",19
"Romania","2009",15.3
"Romania","2010",15.8
"Romania","2011",10.5
"Romania","2012",18.4
"Romania","2013",16.9
"Romania","2014",16.2
"Romania","2015",15.9
"Romania","2016",14.4
"Romania","2017",12.3
"Romania","2018",10.3
"Romania","2019",8.6
"Romania","2020",7.1
"Romania","2021",7.5
"Romania","2022",8.5
"Romania","2023",9.1
"Romania","2024",4.7
"Serbia","2013",28
"Serbia","2014",31.7
"Serbia","2015",33.7
"Serbia","2016",31
"Serbia","2017",33.6
"Serbia","2018",31.3
"Serbia","2019",21.6
"Serbia","2020",17.8
"Serbia","2021",15.1
"Serbia","2022",13.1
"Serbia","2023",15.4
"Slovakia","2005",14.6
"Slovakia","2006",16.4
"Slovakia","2007",17.8
"Slovakia","2008",5.6
"Slovakia","2009",9.4
"Slovakia","2010",7.6
"Slovakia","2011",8.4
"Slovakia","2012",8.4
"Slovakia","2013",8.3
"Slovakia","2014",9
"Slovakia","2015",9.1
"Slovakia","2016",7.7
"Slovakia","2017",8.4
"Slovakia","2018",4.1
"Slovakia","2019",5.7
"Slovakia","2020",3.2
"Slovakia","2021",7.1
"Slovakia","2022",2.5
"Slovakia","2023",5.9
"Slovakia","2024",6.4
"Slovenia","2005",4.7
"Slovenia","2006",3
"Slovenia","2007",5
"Slovenia","2008",4.4
"Slovenia","2009",3.9
"Slovenia","2010",4.3
"Slovenia","2011",4.7
"Slovenia","2012",5.2
"Slovenia","2013",6
"Slovenia","2014",6.4
"Slovenia","2015",6.1
"Slovenia","2016",5.7
"Slovenia","2017",5.2
"Slovenia","2018",4.9
"Slovenia","2019",4.1
"Slovenia","2020",4.4
"Slovenia","2021",4.1
"Slovenia","2022",4.1
"Slovenia","2023",3.7
"Slovenia","2024",3.8
"Spain","2004",4.9
"Spain","2005",5.3
"Spain","2006",7.4
"Spain","2007",8.3
"Spain","2008",9.4
"Spain","2009",10.4
"Spain","2010",9.7
"Spain","2011",10
"Spain","2012",10.7
"Spain","2013",10.3
"Spain","2014",10.9
"Spain","2015",10.3
"Spain","2016",10.1
"Spain","2017",9.8
"Spain","2018",8.9
"Spain","2019",8.6
"Spain","2020",8.2
"Spain","2021",9.9
"Spain","2022",9.2
"Spain","2023",8.2
"Spain","2024",7.8
"Sweden","2004",9.2
"Sweden","2005",9.2
"Sweden","2006",9.6
"Sweden","2007",7.9
"Sweden","2008",10
"Sweden","2009",10.7
"Sweden","2010",7.9
"Sweden","2011",9.4
"Sweden","2012",8.7
"Sweden","2013",9
"Sweden","2014",8.6
"Sweden","2015",8.7
"Sweden","2016",8.5
"Sweden","2017",8.4
"Sweden","2018",8.3
"Sweden","2019",9.5
"Sweden","2020",8.2
"Sweden","2021",8.5
"Sweden","2022",9.1
"Sweden","2023",10.9
"Sweden","2024",10.6
"Switzerland","2009",13.3
"Switzerland","2010",14.3
"Switzerland","2011",13.4
"Switzerland","2012",12.2
"Switzerland","2013",10.9
"Switzerland","2014",11.9
"Switzerland","2015",11.9
"Switzerland","2016",12.3
"Switzerland","2017",13
"Switzerland","2018",13.4
"Switzerland","2019",14.5
"Switzerland","2020",14
"Switzerland","2021",15.1
"Switzerland","2023",14.2
"Thailand","2019",0.4
"Türkiye","2006",13.7
"Türkiye","2007",9.1
"Türkiye","2008",10.4
"Türkiye","2009",11.2
"Türkiye","2010",19.4
"Türkiye","2011",17.9
"Türkiye","2012",17.9
"Türkiye","2013",16.4
"Türkiye","2014",14.8
"Türkiye","2015",16.7
"Türkiye","2016",15.5
"Türkiye","2017",14.8
"Türkiye","2018",13.4
"Türkiye","2019",13.6
"Türkiye","2020",10.3
"Türkiye","2021",11.5
"Türkiye","2022",10.8
"Türkiye","2023",14.4
"Türkiye","2024",14.8
"United Kingdom of Great Britain and Northern Ireland","2005",14.7
"United Kingdom of Great Britain and Northern Ireland","2006",16.4
"United Kingdom of Great Britain and Northern Ireland","2007",16.3
"United Kingdom of Great Britain and Northern Ireland","2008",16.8
"United Kingdom of Great Britain and Northern Ireland","2009",16.1
"United Kingdom of Great Britain and Northern Ireland","2010",17
"United Kingdom of Great Britain and Northern Ireland","2011",16.4
"United Kingdom of Great Britain and Northern Ireland","2012",7.3
"United Kingdom of Great Britain and Northern Ireland","2013",7.9
"United Kingdom of Great Britain and Northern Ireland","2014",12.5
"United Kingdom of Great Britain and Northern Ireland","2015",12.4
"United Kingdom of Great Britain and Northern Ireland","2016",12.3
"United Kingdom of Great Britain and Northern Ireland","2017",12.4
"United Kingdom of Great Britain and Northern Ireland","2018",15.1
